{
  "functions": {
    "predeploy": [
      "npm --prefix \"$RESOURCE_DIR\" run lint"
    ]
  },
  "hosting": {
    "public": "public",
    "ignore": [
      "firebase.json",
      "**/.*",
      "**/node_modules/**"
    ],
    "rewrites": [
      {
        "source": "/",
        "destination": "/index.html"
      },
      {
        "source": "/api",
        "function": "api"
      },{
        "source": "/helloWorld",
        "function": "helloWorld"
      },
      {
        "source": "/addItem",
        "function": "addItem"
      },
      {
        "source": "/getItems",
        "function": "getItems"
      }
    ]
  }
}
